{
  "namespace": "ssvc",
  "version": "1.0.0",
  "key": "SC",
  "name": "Supplier Cardinality",
  "description": "How many suppliers are responsible for the vulnerable component and its remediation or mitigation plan?",
  "values": [
    {
      "key": "O",
      "name": "One",
      "description": "There is only one supplier of the vulnerable component."
    },
    {
      "key": "M",
      "name": "Multiple",
      "description": "There are multiple suppliers of the vulnerable component."
    }
  ]
}