{
  "namespace": "ssvc",
  "version": "1.0.0",
  "key": "TI",
  "name": "Technical Impact",
  "description": "The technical impact of the vulnerability.",
  "values": [
    {
      "key": "P",
      "name": "Partial",
      "description": "The exploit gives the adversary limited control over, or information exposure about, the behavior of the software that contains the vulnerability. Or the exploit gives the adversary an importantly low stochastic opportunity for total control."
    },
    {
      "key": "T",
      "name": "Total",
      "description": "The exploit gives the adversary total control over the behavior of the software, or it gives total disclosure of all information on the system that contains the vulnerability."
    }
  ]
}